{"cameraMode":{"drawMode":0,"name":"Shaded","section":"Shading Mode"},"sceneLighting":true,"audioPlay":false,"sceneViewState":{"showFog":true,"showMaterialUpdate":false,"showSkybox":true,"showFlares":true,"showImageEffects":true,"showParticleSystems":true},"in2DMode":false,"pivot":{"x":-8.335284233093262,"y":-8.06744384765625,"z":-9.476293563842774},"rotation":{"x":0.1094411313533783,"y":-0.8831858038902283,"z":0.25617942214012148,"w":0.3773578703403473},"size":27.813671112060548,"orthographic":false}